{       
    "Logo":[
        {
            "name":"Adidas",
            "floor":"3F",
            "label":["sport", "shoes"]
        },
        {
            "name":"Nike, Inc.",
            "floor":"3F",
            "label":["sport2", "shoes2"]
        },
        {
             "name":"Fila",
            "floor":"3F",
            "label":["sport3", "shoes3"]
        },
        {
            "name":"탑텐 로고",
            "floor":"3F",
            "label":["sport4", "shoes4"]
        },
        {
            "name":"Samsung",
            "floor":"2F",
            "label":["sport5", "shoes5"]
        },
        {
            "name":"LG",
            "floor":"2F",
            "label":["sport6", "shoes6"]
        },
        {
            "name":"Apple",
            "floor":"2F",
            "label":["sport7", "shoes7"]   
        },
        {
            "name":"Sony Corporation",
            "floor":"2F",
            "label":["sport8", "shoes8"]
        },
        {
            "name":"Baskin-Robbins",
            "floor":"1F",
            "label":["sport9", "shoes9"]
        },
        {
            "name":"Paris Baguette",
            "floor":"1F",
            "label":["sport10", "shoes10"]    
        },
        {
            "name":"Starbucks",
            "floor":"1F",
            "label":["sport11", "shoes11"]   
        }
    ]
}